epoch,accuracy,dice_coeff,iou_metric,loss,val_accuracy,val_dice_coeff,val_iou_metric,val_loss
0,0.9331193566322327,0.5891672968864441,0.4297221899032593,0.41091448068618774,0.9560213088989258,0.7155012488365173,0.5586459636688232,0.284412682056427
1,0.9575278759002686,0.7172271609306335,0.559992790222168,0.28272467851638794,0.957859992980957,0.7355378270149231,0.5832858085632324,0.2643534243106842
2,0.9590684175491333,0.737887442111969,0.5854305028915405,0.2621332108974457,0.9592613577842712,0.7464897036552429,0.5972574949264526,0.25332915782928467
3,0.9600180387496948,0.751068115234375,0.6021353006362915,0.24892735481262207,0.9601702094078064,0.7520391345024109,0.6042859554290771,0.24782752990722656
4,0.9607583284378052,0.7610496878623962,0.6149948835372925,0.23891708254814148,0.9597422480583191,0.7522655725479126,0.6045246124267578,0.24752701818943024
